CEC Plant ID,Capacity (MW),Net Generation (MWh),Total Fuel Use (MMBtu),State,Year
C0002,36,204189,3456235,CA,2021
C0017,63,303230,14902419,CA,2021
C0023,1800,7580586,76456944,UT,2021
E0004,19,92646,2331999,CA,2021
E0005,31,198545,4130076,CA,2021
E0007,13,53890,1116959,CA,2021
E0018,13,60166,1345994,CA,2021
E0025,16,42841,579206,CA,2021
E0027,54,308328,5121352,CA,2021
E0029,58,0,0,CA,2021
E0033,12,0,0,CA,2021
E0036,6,24011,282153,CA,2021
E0037,15,0,0,CA,2021
E0038,11,37649,1410865,CA,2021
E0041,36,186686,2541557,CA,2021
E0050,25,0,0,CA,2021
E0052,28,0,0,CA,2021
E0054,7,43488,532003,CA,2021
E0055,2,8604,114278,CA,2021
E0063,33,125537,3098753,CA,2021
E0071,4,33794,347058,CA,2021
E0075,2,12177,134781,CA,2021
E0078,20,112968,2805464,CA,2021
E0081,35,110322,3471204,CA,2021
E0086,63,285945,5455589,CA,2021
E0094,5,24250,542707,CA,2021
E0097,14,0,0,CA,2021
E0098,28,145728,2142494,CA,2021
E0099,28,166329,2597147,CA,2021
E0100,26,131979,2050555,CA,2021
E0101,2,7346,103879,CA,2021
E0102,29,192196,2655956,CA,2021
E0105,28,33574,540561,CA,2021
E0106,6,32466,665522,CA,2021
E0110,2,1300,30575,CA,2021
E0112,35,188568,3761915,CA,2021
E0127,50,194232,2422488,CA,2021
E0132,2,9459,108691,CA,2021
E0135,5,34858,335986,CA,2021
E0137,3,1702,31656,CA,2021
E0143,4,0,0,CA,2021
E0150,24,131183,2499735,CA,2021
E0152,7,41846,715125,CA,2021
E0153,6,0,0,CA,2021
E0154,3,16493,0,CA,2021
E0168,3,25836,247348,CA,2021
E0171,5,23932,305618,CA,2021
E0181,2,9379,116955,CA,2021
E0194,6,45004,526217,CA,2021
E0195,3,9285,138501,CA,2021
E0196,3,14159,218939,CA,2021
E0197,2,0,0,CA,2021
E0201,23,0,0,CA,2021
E0202,4,17211,144452,CA,2021
E0203,9,65164,843670,CA,2021
E0205,3,22282,252858,CA,2021
E0211,2,5927,70592,CA,2021
E0212,38,162685,1639674,CA,2021
E0213,50,372440,5306350,CA,2021
E0214,3,18546,225703,CA,2021
E0217,4,29414,307369,CA,2021
E0218,11,86707,898936,CA,2021
E0225,5,33001,368658,CA,2021
E0226,24,145287,1640076,CA,2021
E0227,14,31274,528196,CA,2021
E0228,1,3077,27262,CA,2021
E0232,64,254983,3972341,CA,2021
E0236,2,12923,134861,CA,2021
E0237,3,27525,300718,CA,2021
E0242,5,16112,210948,CA,2021
E0243,13,48390,1308100,CA,2021
E0244,2,7861,106951,CA,2021
E0248,2,13682,140784,CA,2021
E0249,33,217511,2342421,CA,2021
E0250,9,29819,527338,CA,2021
E0251,3,14507,158967,CA,2021
E0252,4,31834,335441,CA,2021
E0253,4,27678,289840,CA,2021
E0254,2,11036,129289,CA,2021
E0255,2,9428,100119,CA,2021
E0257,2,13126,228510,CA,2021
E0258,23,140090,1801879,CA,2021
E0301,30,147048,2843542,CA,2021
E0302,8,59541,560792,CA,2021
E0303,2,3990,76845,CA,2021
E0304,4,23659,276097,CA,2021
E0305,6,36511,498317,CA,2021
E0306,1,7901,174486,CA,2021
E0308,1,6905,147872,CA,2021
E0309,1,7565,184989,CA,2021
E0310,2,2475,0,CA,2021
E0311,1,5825,0,CA,2021
E0312,1,5583,0,CA,2021
E0313,3,18514,0,CA,2021
F0001,1,8626,76373,CA,2021
F0002,1,9475,84253,CA,2021
F0003,1,11284,97683,CA,2021
G0011,1135,536845,7116466,CA,2021
G0014,11,28910,286820,CA,2021
G0016,223,409408,4355846,CA,2021
G0019,130,84082,744136,CA,2021
G0032,43,197377,2240567,CA,2021
G0034,12,0,0,CA,2021
G0035,398,2939805,35414301,CA,2021
G0040,47,22309,208429,CA,2021
G0053,526,202972,1850185,CA,2021
G0054,2,7876,91816,CA,2021
G0058,200,67679,724163,CA,2021
G0063,61,22099,226997,CA,2021
G0076,174,631222,5236603,CA,2021
G0077,4,14511,156661,CA,2021
G0078,32,163164,0,CA,2021
G0084,60,15816,155183,CA,2021
G0085,120,237099,2255406,CA,2021
G0087,7,26347,409007,CA,2021
G0100,17,67028,1966611,CA,2021
G0102,21,143093,3066408,CA,2021
G0103,49,249066,3962993,CA,2021
G0104,184,946767,19735720,CA,2021
G0105,183,1243058,14371476,CA,2021
G0107,10,72567,1552673,CA,2021
G0109,5,25951,411895,CA,2021
G0114,7,43323,731995,CA,2021
G0119,1,7670,78219,CA,2021
G0127,2,3686,35959,CA,2021
G0128,4,1494,0,CA,2021
G0130,92,3952,64780,CA,2021
G0159,3,8930,130280,CA,2021
G0161,247,1285915,12025527,CA,2021
G0169,147,777781,6349421,CA,2021
G0173,20,146462,1739341,CA,2021
G0176,48,18071,191939,CA,2021
G0180,49,2062,22360,CA,2021
G0190,358,955223,8529861,CA,2021
G0195,57,1876,27704,CA,2021
G0202,50,0,0,CA,2021
G0204,100,30943,359182,CA,2021
G0213,200,511657,4313636,CA,2021
G0216,6,22148,266829,CA,2021
G0220,98,23880,262840,CA,2021
G0221,31,18702,177986,CA,2021
G0228,50,6646,97603,CA,2021
G0229,123,100667,950127,CA,2021
G0231,250,15458,191258,CA,2021
G0233,52,17361,151588,CA,2021
G0236,287,146056,2036013,CA,2021
G0239,50,117033,1034155,CA,2021
G0241,5,3062,31171,CA,2021
G0245,548,90192,1084296,CA,2021
G0246,107,15622,227824,CA,2021
G0249,1739,2589003,19879525,CA,2021
G0258,48,19512,208923,CA,2021
G0268,167,546227,4834079,CA,2021
G0274,215,83905,994835,CA,2021
G0280,32,250249,2858493,CA,2021
G0286,35,11594,119844,CA,2021
G0288,4,19914,337734,CA,2021
G0290,28,78868,989656,CA,2021
G0292,48,14402,169949,CA,2021
G0293,300,201952,1514459,CA,2021
G0298,4,10497,140353,CA,2021
G0315,47,33040,309465,CA,2021
G0317,10,65553,1044781,CA,2021
G0319,260,15516,261690,CA,2021
G0329,388,1052998,7966817,CA,2021
G0335,74,4006,51901,CA,2021
G0336,112,2438,155878,CA,2021
G0339,47,17600,169106,CA,2021
G0358,234,41555,480296,CA,2021
G0363,49,125830,2395979,CA,2021
G0368,18,138389,1672606,CA,2021
G0372,1080,5348354,36970792,CA,2021
G0379,55,5691,95546,CA,2021
G0380,27,3816,62900,CA,2021
G0381,27,29004,273613,CA,2021
G0382,50,10181,168975,CA,2021
G0384,58,5208,52188,CA,2021
G0388,5,10836,150302,CA,2021
G0396,17,0,0,CA,2021
G0403,31,4564,48647,CA,2021
G0404,31,8785,82866,CA,2021
G0405,26,148971,1917665,CA,2021
G0406,224,8109,124907,CA,2021
G0410,110,0,0,CA,2021
G0421,1613,427153,5510389,CA,2021
G0424,7,8286,128437,CA,2021
G0428,47,53372,493847,CA,2021
G0429,47,18242,171752,CA,2021
G0467,198,668107,6029384,CA,2021
G0468,70,526413,5213073,CA,2021
G0475,9,36866,394311,CA,2021
G0483,8,34674,402326,CA,2021
G0487,183,373930,3176844,CA,2021
G0490,850,237431,3333096,CA,2021
G0494,4,13101,708023,CA,2021
G0495,5,12240,1051690,CA,2021
G0504,50,2967,40627,CA,2021
G0509,8,47131,0,CA,2021
G0511,14,59724,724068,CA,2021
G0512,800,615911,6036470,CA,2021
G0515,6,27750,456820,CA,2021
G0516,60,486552,5603557,CA,2021
G0518,7,29333,454324,CA,2021
G0520,39,279295,3697940,CA,2021
G0522,3,13003,158298,CA,2021
G0527,2,520,7230,CA,2021
G0536,73,172212,1211773,CA,2021
G0541,4,32250,501900,CA,2021
G0549,876,1791893,14506262,CA,2021
G0557,7,45325,696304,CA,2021
G0558,31,123820,1510784,CA,2021
G0564,50,4329,44910,CA,2021
G0578,0,1598,12059,CA,2021
G0590,300,1131746,6793389,CA,2021
G0599,9,5307,98343,CA,2021
G0600,11,82856,1576753,CA,2021
G0613,115,521739,4845955,CA,2021
G0621,1,3123,38492,CA,2021
G0625,42,274145,3885510,CA,2021
G0627,6,46508,1045430,CA,2021
G0630,27,116867,2892220,CA,2021
G0632,51,353054,5092621,CA,2021
G0638,37,282695,3666783,CA,2021
G0640,30,201620,2244228,CA,2021
G0641,2,3496,44222,CA,2021
G0644,5,30846,536186,CA,2021
G0646,5,22591,241025,CA,2021
G0648,690,1192917,8745698,CA,2021
G0652,42,411,5361,CA,2021
G0662,48,802,13307,CA,2021
G0677,29,189926,2073764,CA,2021
G0679,185,340275,3185296,CA,2021
G0686,49,59168,564968,CA,2021
G0746,4,33299,350051,CA,2021
G0755,99,765254,7952538,CA,2021
G0757,13,82591,937460,CA,2021
G0758,23,0,0,CA,2021
G0759,69,367718,4926011,CA,2021
G0763,43,248647,3568707,CA,2021
G0775,47,7482,86056,CA,2021
G0776,83,421827,6049359,CA,2021
G0778,855,3804880,28553604,CA,2021
G0779,552,1838528,13995568,CA,2021
G0780,594,3329130,25135220,CA,2021
G0781,1200,1243350,9761575,CA,2021
G0783,860,4465081,32700649,CA,2021
G0784,572,2710951,19255270,CA,2021
G0785,689,2126919,15362408,CA,2021
G0787,537,2153772,15639511,CA,2021
G0794,566,2335498,17773178,CA,2021
G0795,1110,1979105,15142856,CA,2021
G0797,778,4259144,30048192,CA,2021
G0799,567,3778136,26739854,CA,2021
G0801,5,198,2497,CA,2021
G0802,6,7062,82098,CA,2021
G0803,8,38428,447449,CA,2021
G0804,8,41561,667583,CA,2021
G0818,135,32941,355846,CA,2021
G0819,90,29987,309978,CA,2021
G0821,46,372,5186,CA,2021
G0822,142,23082,263844,CA,2021
G0823,47,11131,113716,CA,2021
G0824,528,394864,4401958,CA,2021
G0832,92,8337,93054,CA,2021
G0838,333,802663,6605187,CA,2021
G0842,46,505,8024,CA,2021
G0845,49,21791,234373,CA,2021
G0853,50,28022,304161,CA,2021
G0861,559,1835521,12938522,CA,2021
G0866,326,302977,2542530,CA,2021
G0867,98,24959,261226,CA,2021
G0889,530,4013073,27526816,CA,2021
G0894,130,593910,4927974,CA,2021
G0896,50,45105,465400,CA,2021
G0897,45,13957,146795,CA,2021
G0899,6,8791,200939,CA,2021
G0900,250,1163557,9112548,CA,2021
G0902,48,331791,3435129,CA,2021
G0904,21,860,12976,CA,2021
G0905,50,3228,49383,CA,2021
G0908,50,16496,181666,CA,2021
G0909,50,20769,222812,CA,2021
G0910,47,8182,94808,CA,2021
G0911,61,12715,138543,CA,2021
G0912,40,567,6378,CA,2021
G0913,48,9426,104136,CA,2021
G0914,47,16272,176052,CA,2021
G0915,48,12627,140810,CA,2021
G0916,48,14138,155281,CA,2021
G0917,48,81312,931950,CA,2021
G0918,48,14839,162769,CA,2021
G0919,48,91381,982654,CA,2021
G0922,192,56054,578460,CA,2021
G0923,33,13862,121886,CA,2021
G0924,44,2485,42060,CA,2021
G0925,48,298545,3238881,CA,2021
G0928,501,249848,2347570,CA,2021
G0930,8,1907,17521,CA,2021
G0931,121,89256,896039,CA,2021
G0934,692,2199177,15975283,CA,2021
G0935,625,351315,2653177,CA,2021
G0945,50,8675,87829,CA,2021
G0950,613,3433178,24847337,CA,2021
G0951,49,6658,72311,CA,2021
G0990,10,2,63,CA,2021
G0991,10,35,651,CA,2021
G0997,400,667852,6130125,CA,2021
G0998,140,23849,275888,CA,2021
G1005,100,14818,171447,CA,2021
G1009,292,1724135,12095342,CA,2021
G1011,828,260009,2852770,CA,2021
G1014,2,6149,73857,CA,2021
G1015,200,88494,946173,CA,2021
G1019,19,97730,1083824,CA,2021
G1020,12,68328,973094,CA,2021
G1023,95,20179,209593,CA,2021
G1025,336,70757,722610,CA,2021
G1028,1,1307,18780,CA,2021
G1030,1,0,0,CA,2021
G1034,5,0,1,CA,2021
G1036,4,8818,88518,CA,2021
G1040,536,993526,7607747,NV,2021
G1041,49,10638,111618,CA,2021
G1046,13,64350,553926,CA,2021
G1047,22,58942,570435,CA,2021
G1048,1,6556,71515,CA,2021
G1049,50,11143,120747,CA,2021
G1050,5,35836,367547,CA,2021
G1051,6,27996,280751,CA,2021
G1067,7,17073,220236,CA,2021
G1072,15,601,0,CA,2021
G1073,5,34579,471800,CA,2021
G1074,1,3276,33160,CA,2021
G1075,696,3842056,26714287,CA,2021
G1076,693,2934515,20739073,CA,2021
G1077,121,4604,48256,CA,2021
G1079,6,31197,454736,CA,2021
G1080,6,30282,443688,CA,2021
G1081,20,164646,1634658,CA,2021
G1082,4,9598,95984,CA,2021
G9100,6,35153,572815,CA,2021
G9111,49,28002,285058,CA,2021
G9222,48,22629,255456,CA,2021
G9333,49,22505,251499,CA,2021
G9444,49,23936,245167,CA,2021
G9786,681,3155495,23051901,MX,2021
G9787,547,593665,4713121,MX,2021
H0005,1,3805,0,CA,2021
H0008,1,3508,0,CA,2021
H0014,3,0,0,CA,2021
H0019,34,35748,0,CA,2021
H0020,108,117565,0,CA,2021
H0021,2,5058,0,CA,2021
H0022,10,21008,0,CA,2021
H0023,118,145198,0,CA,2021
H0027,83,165700,0,CA,2021
H0028,67,100850,0,CA,2021
H0030,99,243825,0,CA,2021
H0032,177,336277,0,CA,2021
H0034,100,155216,0,CA,2021
H0036,65,67191,0,CA,2021
H0037,5,4311,0,CA,2021
H0039,9,5211,0,CA,2021
H0040,3,6937,0,CA,2021
H0041,7,18039,0,CA,2021
H0042,8,19001,0,CA,2021
H0043,8,32548,0,CA,2021
H0044,4,8733,0,CA,2021
H0045,2,7323,0,CA,2021
H0046,6,1949,0,CA,2021
H0048,11,0,0,CA,2021
H0052,58,17144,0,CA,2021
H0053,0,1181,0,CA,2021
H0054,2,2532,0,CA,2021
H0057,40,14880,0,CA,2021
H0058,20,13171,0,CA,2021
H0073,3,277,0,CA,2021
H0076,1,1191,0,CA,2021
H0078,1,3041,0,CA,2021
H0080,11,8629,0,CA,2021
H0081,158,107687,0,CA,2021
H0083,7,1925,0,CA,2021
H0087,74,34584,0,CA,2021
H0088,120,157800,0,CA,2021
H0090,1682,155441,0,CA,2021
H0092,6,0,0,CA,2021
H0094,14,3311,0,CA,2021
H0095,44,66335,0,CA,2021
H0096,8,5834,0,CA,2021
H0106,13,26831,0,CA,2021
H0107,263,186606,0,CA,2021
H0110,38,29264,0,CA,2021
H0111,20,62388,0,CA,2021
H0112,27,78903,0,CA,2021
H0114,3,6644,0,CA,2021
H0116,2,877,0,CA,2021
H0118,2,3765,0,CA,2021
H0119,3,9441,0,CA,2021
H0120,1,-11,0,CA,2021
H0121,70,120539,0,CA,2021
H0130,19,37474,0,CA,2021
H0133,6,18167,0,CA,2021
H0136,1,309,0,CA,2021
H0137,276,193260,0,CA,2021
H0141,165,346442,0,CA,2021
H0142,1,0,0,CA,2021
H0144,203,256579,0,CA,2021
H0145,72,162035,0,CA,2021
H0147,6,10449,0,CA,2021
H0149,10,43016,0,CA,2021
H0150,10,40420,0,CA,2021
H0151,20,97817,0,CA,2021
H0152,4,11617,0,CA,2021
H0154,56,42627,0,CA,2021
H0155,50,162879,0,CA,2021
H0156,22,59474,0,CA,2021
H0157,27,22542,0,CA,2021
H0160,2,3094,0,CA,2021
H0161,199,39742,0,CA,2021
H0164,644,427867,0,CA,2021
H0167,20,28752,0,CA,2021
H0168,3,3013,0,CA,2021
H0171,99,171087,0,CA,2021
H0174,24,0,0,CA,2021
H0175,95,134450,0,CA,2021
H0177,2,8223,0,CA,2021
H0186,207,155560,0,CA,2021
H0187,2,3357,0,CA,2021
H0188,9,24241,0,CA,2021
H0189,10,6809,0,CA,2021
H0191,40,49467,0,CA,2021
H0192,15,13796,0,CA,2021
H0193,2,-6,0,CA,2021
H0195,15,9173,0,CA,2021
H0198,31,11170,0,CA,2021
H0209,0,1767,0,CA,2021
H0211,1,0,0,CA,2021
H0213,21,0,0,CA,2021
H0215,144,97625,0,CA,2021
H0216,6,-1,0,CA,2021
H0217,11,26745,0,CA,2021
H0218,5,0,0,CA,2021
H0221,9,27916,0,CA,2021
H0222,9,21008,0,CA,2021
H0226,5,451,0,CA,2021
H0228,1,2384,0,CA,2021
H0229,1212,-423989,0,CA,2021
H0234,1,2436,0,CA,2021
H0235,1,162,0,CA,2021
H0236,5,14469,0,CA,2021
H0237,1,115,0,CA,2021
H0238,1,5554,0,CA,2021
H0240,3,453,0,CA,2021
H0241,2,4304,0,CA,2021
H0242,2080,3508591,0,NV,2021
H0243,3,1174,0,CA,2021
H0244,8,0,0,CA,2021
H0245,18,75595,0,CA,2021
H0250,172,367117,0,CA,2021
H0253,162,184435,0,CA,2021
H0255,10,1394,0,CA,2021
H0257,154,330616,0,CA,2021
H0259,1,-88,0,CA,2021
H0260,2,2359,0,CA,2021
H0261,5,-79,0,CA,2021
H0262,20,988,0,CA,2021
H0263,10,39223,0,CA,2021
H0265,25,0,0,CA,2021
H0266,155,126270,0,CA,2021
H0267,12,0,0,CA,2021
H0268,25,122359,0,CA,2021
H0269,37,44113,0,CA,2021
H0270,117,288390,0,CA,2021
H0271,3,-14,0,CA,2021
H0272,52,22845,0,CA,2021
H0274,118,322541,0,CA,2021
H0275,116,160093,0,CA,2021
H0276,4,7345,0,CA,2021
H0282,5,24831,0,CA,2021
H0283,4,1749,0,CA,2021
H0284,5,7774,0,CA,2021
H0286,0,548,0,CA,2021
H0287,2,0,0,CA,2021
H0289,74,51220,0,CA,2021
H0296,3,4116,0,CA,2021
H0298,1,1305,0,CA,2021
H0310,4,478,0,CA,2021
H0311,30,10014,0,CA,2021
H0313,187,293325,0,CA,2021
H0316,9,17560,0,CA,2021
H0321,7,3077,0,CA,2021
H0322,2,1269,0,CA,2021
H0323,2,11718,0,CA,2021
H0324,4,6300,0,CA,2021
H0325,3,4020,0,CA,2021
H0328,38,28926,0,CA,2021
H0331,1,3033,0,CA,2021
H0332,0,2901,0,CA,2021
H0333,3,2902,0,CA,2021
H0336,3,0,0,CA,2021
H0337,33,10322,0,CA,2021
H0341,4,3903,0,CA,2021
H0343,12,31523,0,CA,2021
H0346,4,10040,0,CA,2021
H0347,1,2529,0,CA,2021
H0348,12,71029,0,CA,2021
H0349,1,451,0,CA,2021
H0351,4,4861,0,CA,2021
H0352,315,483093,0,CA,2021
H0353,300,379400,0,CA,2021
H0354,55,25101,0,CA,2021
H0356,6,7288,0,CA,2021
H0357,12,5476,0,CA,2021
H0360,14,22327,0,CA,2021
H0362,2,181,0,CA,2021
H0363,25,9822,0,CA,2021
H0364,1,2982,0,CA,2021
H0367,14,3600,0,CA,2021
H0371,5,3358,0,CA,2021
H0372,1,1887,0,CA,2021
H0373,0,642,0,CA,2021
H0374,6,8660,0,CA,2021
H0380,24,27571,0,CA,2021
H0381,120,437032,0,CA,2021
H0382,8,0,0,CA,2021
H0383,2,5336,0,CA,2021
H0385,33,20859,0,CA,2021
H0387,165,52032,0,CA,2021
H0388,63,141878,0,CA,2021
H0389,69,188389,0,CA,2021
H0390,95,186845,0,CA,2021
H0391,160,465088,0,CA,2021
H0392,80,226189,0,CA,2021
H0393,112,274480,0,CA,2021
H0394,3,3665,0,CA,2021
H0395,120,226046,0,CA,2021
H0398,10,15844,0,CA,2021
H0401,9,2633,0,CA,2021
H0406,79,117502,0,CA,2021
H0408,6,13829,0,CA,2021
H0412,2,0,0,CA,2021
H0414,26,23043,0,CA,2021
H0417,112,214672,0,CA,2021
H0422,4,143,0,CA,2021
H0424,14,32408,0,CA,2021
H0426,8,22062,0,CA,2021
H0427,1,0,0,CA,2021
H0428,5,0,0,CA,2021
H0431,46,69563,0,CA,2021
H0437,10,0,0,CA,2021
H0438,6,89,0,CA,2021
H0440,46,1242,0,CA,2021
H0441,69,10179,0,CA,2021
H0442,5,1341,0,CA,2021
H0443,1,0,0,CA,2021
H0448,0,0,0,CA,2021
H0449,3,0,0,CA,2021
H0450,4,0,0,CA,2021
H0452,424,-18027,0,CA,2021
H0460,3,-67,0,CA,2021
H0462,3,305,0,CA,2021
H0467,1,0,0,CA,2021
H0471,8,5324,0,CA,2021
H0472,9,0,0,CA,2021
H0475,714,989275,0,CA,2021
H0479,0,1204,0,CA,2021
H0482,0,0,0,CA,2021
H0483,4,7246,0,CA,2021
H0484,12,9331,0,CA,2021
H0485,3,0,0,CA,2021
H0486,7,16290,0,CA,2021
H0488,5,0,0,CA,2021
H0489,3,3,0,CA,2021
H0490,7,12398,0,CA,2021
H0491,4,8872,0,CA,2021
H0492,6,5664,0,CA,2021
H0493,180,264458,0,CA,2021
H0495,7,14184,0,CA,2021
H0497,4,5388,0,CA,2021
H0498,91,130742,0,CA,2021
H0499,10,11401,0,CA,2021
H0500,5,1902,0,CA,2021
H0503,1,0,0,CA,2021
H0507,3,467,0,CA,2021
H0509,3,9949,0,CA,2021
H0510,115,80813,0,CA,2021
H0511,3,10860,0,CA,2021
H0512,1,3293,0,CA,2021
H0516,60,143590,0,CA,2021
H0518,1,1001,0,CA,2021
H0519,16,33807,0,CA,2021
H0520,140,265201,0,CA,2021
H0523,6,0,0,CA,2021
H0525,3,-97,0,CA,2021
H0527,31,113836,0,CA,2021
H0530,3,0,0,CA,2021
H0532,47,32679,0,CA,2021
H0533,1,0,0,CA,2021
H0535,4,7339,0,CA,2021
H0536,38,19850,0,CA,2021
H0539,4,4720,0,CA,2021
H0541,10,0,0,CA,2021
H0545,9,23440,0,CA,2021
H0546,1,2616,0,CA,2021
H0547,2,1847,0,CA,2021
H0558,14,38611,0,CA,2021
H0564,4,18693,0,CA,2021
H0565,266,150830,0,CA,2021
H0567,74,221172,0,CA,2021
H0569,17,39448,0,CA,2021
H0570,18,19098,0,CA,2021
H0573,59,79488,0,CA,2021
H0576,3,0,0,CA,2021
H0577,5,2156,0,CA,2021
H0601,100,298572,0,CA,2021
H0611,30,4405,0,CA,2021
H0612,5,9945,0,CA,2021
H0613,40,-15115,0,CA,2021
H0616,1,0,0,CA,2021
H0623,5,999,0,CA,2021
H0626,7,29083,0,CA,2021
H0627,3,0,0,CA,2021
H0628,1,1360,0,CA,2021
H0629,1,1169,0,CA,2021
H0631,1,1190,0,CA,2021
H0632,1,104,0,CA,2021
N0001,2393,16477369,170243630,CA,2021
S0071,34,0,0,CA,2021
S0072,34,0,0,CA,2021
S0073,92,116141,1490809,CA,2021
S0074,34,0,0,CA,2021
S0075,35,0,0,CA,2021
S0076,35,0,0,CA,2021
S0077,92,81374,1067547,CA,2021
S0078,126,234983,537680,CA,2021
S0079,133,252352,390748,CA,2021
S0080,133,252246,449626,CA,2021
S0081,110,250129,0,CA,2021
S0104,250,587963,0,CA,2021
S0110,2,3093,0,CA,2021
S0111,21,42534,0,CA,2021
S0114,1,1712,0,CA,2021
S0115,1,1298,0,CA,2021
S0116,4,5916,0,CA,2021
S0118,1,1189,0,CA,2021
S0120,1,1568,0,CA,2021
S0121,5,5271,0,CA,2021
S0122,1,1479,0,CA,2021
S0123,5,6317,0,CA,2021
S0126,6,11002,0,CA,2021
S0127,20,36799,0,CA,2021
S0128,1,473,0,CA,2021
S0129,1,2495,0,CA,2021
S0130,2,4042,0,CA,2021
S0131,19,36513,0,CA,2021
S0133,2,2184,0,CA,2021
S0136,3,2847,0,CA,2021
S0138,15,20840,0,CA,2021
S0139,20,31998,0,CA,2021
S0140,15,20948,0,CA,2021
S0142,1,1927,0,CA,2021
S0144,1,1524,0,CA,2021
S0151,4,6713,0,CA,2021
S0152,2,2841,0,CA,2021
S0154,1,1439,0,CA,2021
S0155,3,5500,0,CA,2021
S0156,18,28674,0,CA,2021
S0157,3,5385,0,CA,2021
S0158,3,3945,0,CA,2021
S0161,23,33583,0,CA,2021
S0162,1,1759,0,CA,2021
S0163,2,3151,0,CA,2021
S0164,2,3953,0,CA,2021
S0165,2,2628,0,CA,2021
S0166,2,2628,0,CA,2021
S0167,2,2628,0,CA,2021
S0168,2,2787,0,CA,2021
S0169,2,2628,0,CA,2021
S0170,2,2628,0,CA,2021
S0171,2,2628,0,CA,2021
S0172,2,2628,0,CA,2021
S0173,2,2628,0,CA,2021
S0174,2,2628,0,CA,2021
S0176,20,40360,0,CA,2021
S0177,20,35018,0,CA,2021
S0178,10,9983,0,CA,2021
S0179,2,867,0,CA,2021
S0180,26,62259,0,CA,2021
S0181,2,3679,0,CA,2021
S0182,1,1927,0,CA,2021
S0183,1,1840,0,CA,2021
S0184,1,1840,0,CA,2021
S0185,3,3394,0,CA,2021
S0186,3,3096,0,CA,2021
S0187,1,1456,0,CA,2021
S0188,2,1739,0,CA,2021
S0189,5,4245,0,CA,2021
S0190,5,3629,0,CA,2021
S0191,5,3233,0,CA,2021
S0192,2,1639,0,CA,2021
S0193,5,3871,0,CA,2021
S0194,2,1506,0,CA,2021
S0195,3,680,0,CA,2021
S0196,4,3112,0,CA,2021
S0197,9,6582,0,CA,2021
S0198,5,4221,0,CA,2021
S0199,2,1602,0,CA,2021
S0200,1,1374,0,CA,2021
S0201,7,8091,0,CA,2021
S0202,10,0,0,CA,2021
S0203,1,1995,0,CA,2021
S0204,3,5768,0,CA,2021
S0205,5,11177,0,CA,2021
S0206,5,11250,0,CA,2021
S0207,5,10968,0,CA,2021
S0208,1,1730,0,CA,2021
S0209,1,1991,0,CA,2021
S0210,2,1335,0,CA,2021
S0211,5,11700,0,CA,2021
S0212,5,11799,0,CA,2021
S0213,5,11706,0,CA,2021
S0214,5,12234,0,CA,2021
S0215,5,11511,0,CA,2021
S0216,5,11549,0,CA,2021
S0218,10,8724,0,CA,2021
S0219,2,3313,0,CA,2021
S0220,1,1690,0,CA,2021
S0221,2,1028,0,CA,2021
S0222,1,2024,0,CA,2021
S0223,10,18693,0,CA,2021
S0224,20,26488,0,CA,2021
S0225,20,38864,0,CA,2021
S0226,2,2175,0,CA,2021
S0227,3,2070,0,CA,2021
S0237,66,159278,0,CA,2021
S0238,26,66212,0,CA,2021
S0239,20,52136,0,CA,2021
S0240,250,679525,0,CA,2021
S0241,250,593690,0,CA,2021
S0242,290,707643,0,AZ,2021
S0243,58,115417,0,NV,2021
S0244,155,359174,0,NV,2021
S0245,550,1300787,0,CA,2021
S0246,50,113171,0,CA,2021
S0247,20,43595,0,CA,2021
S0248,20,48173,0,CA,2021
S0249,20,48571,0,CA,2021
S0250,3,5659,0,CA,2021
S0251,5,10289,0,CA,2021
S0252,318,892352,0,CA,2021
S0253,279,790350,0,CA,2021
S0254,165,405068,0,AZ,2021
S0255,129,288497,0,CA,2021
S0256,250,587990,0,CA,2021
S0257,300,696348,0,CA,2021
S0258,147,345347,0,CA,2021
S0259,250,540091,0,CA,2021
S0260,20,51519,0,CA,2021
S0261,2,3459,0,CA,2021
S0262,2,3428,0,CA,2021
S0271,20,49824,0,CA,2021
S0278,5,10447,0,CA,2021
S0279,18,45505,0,CA,2021
S0280,3,5564,0,CA,2021
S0281,3,6526,0,CA,2021
S0282,3,6309,0,CA,2021
S0283,0,775,0,CA,2021
S0284,5,11040,0,CA,2021
S0285,5,10996,0,CA,2021
S0286,5,10692,0,CA,2021
S0287,20,44489,0,CA,2021
S0288,20,59404,0,CA,2021
S0289,19,51676,0,CA,2021
S0291,174,502709,0,CA,2021
S0292,129,353291,0,AZ,2021
S0293,3,5256,0,CA,2021
S0294,10,22748,0,CA,2021
S0295,255,607133,0,NV,2021
S0296,6,13763,0,CA,2021
S0297,11,24377,0,CA,2021
S0298,10,25610,0,CA,2021
S0299,2,4926,0,CA,2021
S0300,3,14571,0,CA,2021
S0301,1,2613,0,CA,2021
S0302,1,2882,0,CA,2021
S0303,2,3832,0,CA,2021
S0304,2,3262,0,CA,2021
S0305,8,16473,0,CA,2021
S0306,12,28885,0,CA,2021
S0307,8,18428,0,CA,2021
S0308,20,46569,0,CA,2021
S0309,2,746,0,CA,2021
S0310,3,2373,0,CA,2021
S0311,3,3612,0,CA,2021
S0312,19,44739,0,CA,2021
S0313,45,115360,0,CA,2021
S0314,15,40544,0,CA,2021
S0315,20,48441,0,CA,2021
S0316,20,45023,0,CA,2021
S0317,20,49216,0,CA,2021
S0318,20,56754,0,CA,2021
S0319,20,47158,0,CA,2021
S0320,20,50017,0,CA,2021
S0321,60,156763,0,CA,2021
S0322,5,4936,0,CA,2021
S0323,20,35184,0,CA,2021
S0324,50,129462,0,CA,2021
S0325,50,132450,0,CA,2021
S0326,50,122304,0,CA,2021
S0327,20,46475,0,CA,2021
S0328,10,22776,0,CA,2021
S0329,20,48533,0,CA,2021
S0330,20,50996,0,CA,2021
S0331,12,33232,0,CA,2021
S0332,11,26714,0,CA,2021
S0333,20,46386,0,CA,2021
S0334,18,47200,0,CA,2021
S0335,20,49947,0,CA,2021
S0336,20,37024,0,CA,2021
S0337,20,49991,0,CA,2021
S0338,20,51854,0,CA,2021
S0339,12,33742,0,CA,2021
S0340,20,56282,0,CA,2021
S0341,62,131300,0,CA,2021
S0342,20,45908,0,CA,2021
S0343,19,35270,0,CA,2021
S0346,250,573364,0,CA,2021
S0347,20,41745,0,CA,2021
S0348,4,6478,0,CA,2021
S0349,1,2979,0,CA,2021
S0350,2,5227,0,CA,2021
S0351,2,4003,0,CA,2021
S0352,1,2521,0,CA,2021
S0353,2,4045,0,CA,2021
S0354,2,4084,0,CA,2021
S0355,2,3948,0,CA,2021
S0356,2,4568,0,CA,2021
S0357,4,7008,0,CA,2021
S0358,1,1964,0,CA,2021
S0359,4,7008,0,CA,2021
S0360,1,2190,0,CA,2021
S0361,1,1750,0,CA,2021
S0362,1,11,0,CA,2021
S0363,1,1341,0,CA,2021
S0364,1,1333,0,CA,2021
S0365,1,1496,0,CA,2021
S0366,1,1284,0,CA,2021
S0367,1,1589,0,CA,2021
S0368,1,1761,0,CA,2021
S0369,1,0,0,CA,2021
S0370,1,1455,0,CA,2021
S0372,1,1752,0,CA,2021
S0373,1,215,0,CA,2021
S0374,1,2363,0,CA,2021
S0375,1,2215,0,CA,2021
S0376,1,3311,0,CA,2021
S0377,1,1648,0,CA,2021
S0378,1,1380,0,CA,2021
S0379,1,1628,0,CA,2021
S0387,2,3252,0,CA,2021
S0399,1,1996,0,CA,2021
S0400,2,2681,0,CA,2021
S0401,2,2803,0,CA,2021
S0402,3,4906,0,CA,2021
S0403,4,6450,0,CA,2021
S0404,15,34858,0,CA,2021
S0405,1,1575,0,CA,2021
S0406,2,3400,0,CA,2021
S0407,2,3420,0,CA,2021
S0408,20,53732,0,CA,2021
S0409,30,81869,0,CA,2021
S0410,20,55889,0,CA,2021
S0411,7,17264,0,CA,2021
S0412,20,36869,0,CA,2021
S0413,2,3875,0,CA,2021
S0414,1,2050,0,CA,2021
S0415,10,25829,0,CA,2021
S0416,1,1682,0,CA,2021
S0417,5,9981,0,CA,2021
S0418,5,10014,0,CA,2021
S0419,2,3766,0,CA,2021
S0420,2,3730,0,CA,2021
S0421,20,27106,0,CA,2021
S0422,20,39066,0,CA,2021
S0423,5,5032,0,CA,2021
S0424,20,53749,0,CA,2021
S0425,2,3193,0,CA,2021
S0426,2,3247,0,CA,2021
S0427,27,41354,0,CA,2021
S0428,2,3993,0,CA,2021
S0429,2,4161,0,CA,2021
S0430,2,4213,0,CA,2021
S0431,17,34417,0,CA,2021
S0432,20,38427,0,CA,2021
S0433,2,2235,0,CA,2021
S0434,20,51342,0,CA,2021
S0435,2,3606,0,CA,2021
S0436,250,671951,0,NV,2021
S0437,2,3120,0,CA,2021
S0438,2,2568,0,CA,2021
S0439,2,3027,0,CA,2021
S0440,149,396367,0,CA,2021
S0441,2,2811,0,CA,2021
S0442,1,1581,0,CA,2021
S0443,108,275217,0,CA,2021
S0444,8,8332,0,CA,2021
S0445,15,35763,0,CA,2021
S0446,2,3182,0,CA,2021
S0447,1,1176,0,CA,2021
S0448,1,876,0,CA,2021
S0449,1,1699,0,CA,2021
S0450,3,4730,0,CA,2021
S0451,2,3329,0,CA,2021
S0452,2,3206,0,CA,2021
S0453,1,2277,0,CA,2021
S0454,1,2084,0,CA,2021
S0455,1,1720,0,CA,2021
S0457,299,639035,0,CA,2021
S0458,60,142810,0,CA,2021
S0459,20,51790,0,CA,2021
S0460,3,5256,0,CA,2021
S0461,20,51923,0,CA,2021
S0516,5,8008,0,CA,2021
S0517,3,5678,0,CA,2021
S0518,3,5271,0,CA,2021
S0519,110,301097,0,CA,2021
S0520,20,50240,0,CA,2021
S0522,50,126391,0,CA,2021
S0525,20,46413,0,CA,2021
S0526,205,486705,0,CA,2021
S0527,3,5278,0,CA,2021
S0528,1,1497,0,CA,2021
S0529,125,313087,0,CA,2021
S0530,60,171284,0,CA,2021
S0531,205,541608,0,CA,2021
S0532,102,238364,0,CA,2021
S0533,30,62020,0,CA,2021
S0534,40,75515,0,CA,2021
S0535,30,65459,0,CA,2021
S0536,100,300528,0,CA,2021
S0537,75,229793,0,CA,2021
S0538,20,40152,0,CA,2021
S0539,14,27054,0,CA,2021
S0540,94,246999,0,NV,2021
S0543,10,26446,0,CA,2021
S0544,2,5026,0,CA,2021
S0545,20,51041,0,CA,2021
S0546,15,37771,0,CA,2021
S0547,20,49398,0,CA,2021
S0548,20,51040,0,CA,2021
S0549,20,34915,0,CA,2021
S0550,20,55644,0,CA,2021
S0551,2,3126,0,CA,2021
S0552,50,131210,0,CA,2021
S0553,5,14213,0,CA,2021
S0554,60,139547,0,CA,2021
S0555,50,124029,0,CA,2021
S0556,40,109280,0,CA,2021
S0557,2,4960,0,CA,2021
S0558,85,222686,0,CA,2021
S0559,26,55486,0,CA,2021
S0560,20,35159,0,CA,2021
S0561,101,256131,0,AZ,2021
S0562,152,432472,0,AZ,2021
S0563,20,53940,0,CA,2021
S0564,20,54561,0,CA,2021
S0565,20,47895,0,CA,2021
S0566,21,58831,0,CA,2021
S0567,21,58236,0,CA,2021
S0568,20,54673,0,CA,2021
S0569,54,106728,0,CA,2021
S0570,54,125949,0,CA,2021
S0571,2,2542,0,CA,2021
S0572,2,2959,0,CA,2021
S0575,1,2332,0,CA,2021
S0576,1,1959,0,CA,2021
S0577,1,1527,0,CA,2021
S0578,2,3030,0,CA,2021
S0579,20,48301,0,CA,2021
S0580,20,48216,0,CA,2021
S0581,15,35961,0,CA,2021
S0582,20,47991,0,CA,2021
S0583,2,3211,0,CA,2021
S0584,3,7263,0,CA,2021
S0585,15,21478,0,CA,2021
S0586,20,53700,0,CA,2021
S0587,56,140920,0,CA,2021
S0588,20,31110,0,CA,2021
S0589,3,8226,0,CA,2021
S0590,20,58598,0,CA,2021
S0591,14,33924,0,CA,2021
S0592,3,7582,0,CA,2021
S0593,2,5834,0,CA,2021
S0594,20,43364,0,CA,2021
S0595,3,5138,0,CA,2021
S0597,20,46448,0,CA,2021
S0598,11,30316,0,CA,2021
S0600,31,73320,0,CA,2021
S0601,20,49767,0,CA,2021
S0602,11,22317,0,CA,2021
S0603,105,295790,0,CA,2021
S0604,155,415522,0,CA,2021
S0605,20,31094,0,CA,2021
S0606,10,19730,0,CA,2021
S0608,4,6192,0,CA,2021
S0609,4,7429,0,CA,2021
S0612,3,7278,0,CA,2021
S0613,20,54027,0,CA,2021
S0614,20,53454,0,CA,2021
S0615,20,55502,0,CA,2021
S0616,9,22327,0,CA,2021
S0617,40,78187,0,CA,2021
S0619,3,5921,0,CA,2021
S0620,1,1400,0,CA,2021
S0621,1,882,0,CA,2021
S0622,1,598,0,CA,2021
S0623,1,1620,0,CA,2021
S0624,1,1599,0,CA,2021
S0625,2,1879,0,CA,2021
S0626,1,1598,0,CA,2021
S0627,1,2500,0,CA,2021
S0628,4,6687,0,CA,2021
S0629,6,7499,0,CA,2021
S0630,8,10583,0,CA,2021
S0631,1,860,0,CA,2021
S0632,1,1310,0,CA,2021
S0633,1,760,0,CA,2021
S0634,5,6210,0,CA,2021
S0635,140,355996,0,CA,2021
S0636,130,343662,0,CA,2021
S0637,45,126375,0,CA,2021
S0638,36,99880,0,CA,2021
S0639,23,55765,0,CA,2021
S0640,2,3265,0,CA,2021
S0641,2,5777,0,CA,2021
S0642,1,2137,0,CA,2021
S0643,5,10156,0,CA,2021
S0644,1,1836,0,CA,2021
S0645,4,8145,0,CA,2021
S0648,1,1850,0,CA,2021
S0652,20,48422,0,CA,2021
S0653,200,534425,0,CA,2021
S0654,19,27204,0,CA,2021
S0655,252,644906,0,CA,2021
S0656,108,264976,0,CA,2021
S0657,151,349863,0,CA,2021
S0658,1,1584,0,CA,2021
S0659,1,1517,0,CA,2021
S0660,4,7609,0,CA,2021
S0661,1,1463,0,CA,2021
S0662,1,1226,0,CA,2021
S0663,105,254647,0,CA,2021
S0665,11,21054,0,CA,2021
S0666,3,7396,0,CA,2021
S0667,3,6646,0,CA,2021
S0668,3,7709,0,CA,2021
S0669,9,23373,0,CA,2021
S0670,6,8146,0,CA,2021
S0671,14,23454,0,CA,2021
S0672,9,14894,0,CA,2021
S0673,17,24099,0,CA,2021
S0674,5,8729,0,CA,2021
S0675,19,22313,0,CA,2021
S0676,38,53178,0,CA,2021
S0677,3,5520,0,CA,2021
S0678,2,3680,0,CA,2021
S0679,3,5520,0,CA,2021
S0687,100,258766,0,CA,2021
S0688,20,46826,0,CA,2021
S0689,150,381601,0,CA,2021
S0690,120,238737,0,CA,2021
S0691,200,504403,0,CA,2021
S0692,1,2321,0,CA,2021
S0693,3,4451,0,CA,2021
S0694,20,59016,0,CA,2021
S0695,6,10655,0,CA,2021
S0696,150,384189,0,CA,2021
S0697,3,5992,0,CA,2021
S0698,100,298587,0,CA,2021
S0699,125,328636,0,CA,2021
S0700,192,581258,0,CA,2021
S0701,160,322305,0,CA,2021
S0702,123,311458,0,CA,2021
S0703,40,93133,0,CA,2021
S0704,20,53535,0,CA,2021
S0705,50,99336,0,CA,2021
S0706,50,107450,0,CA,2021
S0707,8,17223,0,CA,2021
S0708,125,374074,0,CA,2021
S0709,1,1657,0,CA,2021
S0710,80,245676,0,CA,2021
S0711,70,188897,0,CA,2021
S0712,125,332779,0,CA,2021
S0713,100,298931,0,CA,2021
S0714,100,262682,0,CA,2021
S0715,70,193287,0,CA,2021
S0716,15,23230,0,CA,2021
S0717,5,7056,0,CA,2021
S0718,30,74791,0,CA,2021
S0719,13,30515,0,CA,2021
S0720,6,8193,0,CA,2021
S0721,250,99194,0,CA,2021
S0722,100,39644,0,CA,2021
S0723,132,6328,0,CA,2021
S0724,300,32350,0,CA,2021
S0725,100,101716,0,CA,2021
S0726,2,22,0,CA,2021
S0736,5,3903,0,CA,2021
S0740,100,102171,0,CA,2021
S0741,150,384189,0,CA,2021
S0743,92,92495,0,CA,2021
S0744,8,1571,0,CA,2021
S0745,50,120680,0,CA,2021
S0746,40,120303,0,CA,2021
S0747,56,164382,0,CA,2021
S0748,56,173676,0,CA,2021
S0749,26,76748,0,CA,2021
S0750,14,42416,0,CA,2021
S0754,100,216895,0,CA,2021
S0755,20,50355,0,CA,2021
S0756,150,282581,0,CA,2021
S0757,5,9768,0,CA,2021
S0758,2,3034,0,CA,2021
S0759,1,1713,0,CA,2021
S0762,3,6629,0,CA,2021
S0764,3,8509,0,CA,2021
S0765,3,7953,0,CA,2021
S0769,2,2067,0,CA,2021
S0770,3,8219,0,CA,2021
S0771,150,386968,0,CA,2021
S0772,40,96914,0,CA,2021
S0775,200,32239,0,CA,2021
S0794,23,42190,0,CA,2021
S9000,1,1752,0,CA,2021
S9001,1,1619,0,CA,2021
S9002,1,1620,0,CA,2021
S9003,1,1620,0,CA,2021
S9004,1,1621,0,CA,2021
S9005,1,1622,0,CA,2021
S9006,1,1622,0,CA,2021
S9007,1,1622,0,CA,2021
S9008,1,1622,0,CA,2021
S9009,1,1566,0,CA,2021
S9010,1,1187,0,CA,2021
S9011,1,1622,0,CA,2021
S9012,1,1622,0,CA,2021
S9013,1,1622,0,CA,2021
S9014,1,1622,0,CA,2021
S9015,1,1622,0,CA,2021
S9016,1,1622,0,CA,2021
S9017,1,1622,0,CA,2021
S9018,1,1622,0,CA,2021
S9019,1,1622,0,CA,2021
S9020,1,1622,0,CA,2021
S9021,1,1622,0,CA,2021
S9022,1,1622,0,CA,2021
S9023,1,1622,0,CA,2021
S9024,1,1622,0,CA,2021
S9025,1,1622,0,CA,2021
S9026,1,1059,0,CA,2021
S9027,1,1476,0,CA,2021
S9028,1,1622,0,CA,2021
S9029,1,1622,0,CA,2021
S9030,1,1622,0,CA,2021
S9031,1,1622,0,CA,2021
S9032,1,1622,0,CA,2021
S9033,1,1622,0,CA,2021
S9034,1,1622,0,CA,2021
S9035,1,1622,0,CA,2021
S9036,1,1622,0,CA,2021
S9037,1,1622,0,CA,2021
S9038,1,1622,0,CA,2021
S9039,1,1622,0,CA,2021
S9040,1,1622,0,CA,2021
S9041,1,1622,0,CA,2021
S9042,1,1622,0,CA,2021
S9043,1,1622,0,CA,2021
S9044,1,1622,0,CA,2021
S9045,1,1622,0,CA,2021
S9046,1,1622,0,CA,2021
S9047,1,1622,0,CA,2021
S9048,1,1622,0,CA,2021
S9049,1,1622,0,CA,2021
S9050,1,1622,0,CA,2021
S9051,1,1622,0,CA,2021
S9052,1,1622,0,CA,2021
S9053,1,1622,0,CA,2021
S9054,1,1622,0,CA,2021
S9055,1,1622,0,CA,2021
S9056,1,1622,0,CA,2021
S9057,1,1622,0,CA,2021
S9058,1,1622,0,CA,2021
S9059,1,1622,0,CA,2021
S9060,1,1473,0,CA,2021
S9061,1,1622,0,CA,2021
S9062,1,1622,0,CA,2021
S9063,1,1622,0,CA,2021
S9064,1,1622,0,CA,2021
S9065,1,1622,0,CA,2021
S9066,1,1622,0,CA,2021
S9067,1,1622,0,CA,2021
S9068,1,1622,0,CA,2021
S9069,1,1622,0,CA,2021
S9070,1,1622,0,CA,2021
S9071,1,1622,0,CA,2021
S9073,1,1622,0,CA,2021
S9074,1,1622,0,CA,2021
S9075,1,1622,0,CA,2021
S9076,1,1622,0,CA,2021
S9077,1,1622,0,CA,2021
S9078,1,1622,0,CA,2021
S9079,1,1622,0,CA,2021
S9080,1,1622,0,CA,2021
S9081,1,1622,0,CA,2021
S9082,1,1622,0,CA,2021
S9083,1,1622,0,CA,2021
S9084,1,1927,0,CA,2021
S9085,1,1622,0,CA,2021
S9086,1,1622,0,CA,2021
S9087,1,1622,0,CA,2021
S9088,1,1622,0,CA,2021
S9089,1,1622,0,CA,2021
S9090,1,1622,0,CA,2021
S9091,1,1622,0,CA,2021
S9092,1,1191,0,CA,2021
S9093,1,1635,0,CA,2021
S9094,1,1638,0,CA,2021
S9095,1,1646,0,CA,2021
S9096,1,483,0,CA,2021
S9097,1,1652,0,CA,2021
S9098,1,1653,0,CA,2021
S9099,1,1662,0,CA,2021
S9100,1,1670,0,CA,2021
S9101,1,1687,0,CA,2021
S9102,1,1703,0,CA,2021
S9103,1,1711,0,CA,2021
S9104,1,1712,0,CA,2021
S9106,1,1784,0,CA,2021
S9107,1,1796,0,CA,2021
S9108,1,1802,0,CA,2021
S9109,1,1841,0,CA,2021
S9110,1,1847,0,CA,2021
S9112,1,1897,0,CA,2021
S9113,1,1897,0,CA,2021
S9114,1,1907,0,CA,2021
S9115,1,1865,0,CA,2021
S9116,1,1974,0,CA,2021
S9117,1,1987,0,CA,2021
S9118,1,2003,0,CA,2021
S9119,1,2011,0,CA,2021
S9120,1,2019,0,CA,2021
S9121,1,2027,0,CA,2021
S9122,1,2027,0,CA,2021
S9123,1,2076,0,CA,2021
S9124,1,2108,0,CA,2021
S9125,1,2126,0,CA,2021
S9126,1,2192,0,CA,2021
S9127,1,2237,0,CA,2021
S9128,1,2277,0,CA,2021
S9129,1,2311,0,CA,2021
S9130,2,2432,0,CA,2021
S9131,2,2432,0,CA,2021
S9132,2,2432,0,CA,2021
S9133,2,2449,0,CA,2021
S9134,2,2595,0,CA,2021
S9135,2,2604,0,CA,2021
S9136,2,2781,0,CA,2021
S9137,2,2838,0,CA,2021
S9138,2,3195,0,CA,2021
S9139,2,3918,0,CA,2021
S9140,2,3243,0,CA,2021
S9142,2,3446,0,CA,2021
S9143,2,3568,0,CA,2021
S9144,2,3568,0,CA,2021
S9145,2,3649,0,CA,2021
S9146,2,3786,0,CA,2021
S9147,3,4006,0,CA,2021
S9148,1,1707,0,CA,2021
S9149,3,4865,0,CA,2021
S9150,3,4865,0,CA,2021
S9151,3,4865,0,CA,2021
S9152,4,6689,0,CA,2021
S9153,3,4971,0,CA,2021
S9154,9,15784,0,CA,2021
S9155,4,7008,0,CA,2021
S9156,1,2001,0,CA,2021
S9157,2,3224,0,CA,2021
S9158,2,3998,0,CA,2021
S9160,9,2721,0,CA,2021
S9161,2,3504,0,CA,2021
S9162,1,1752,0,CA,2021
S9163,2,3504,0,CA,2021
S9164,3,4697,0,CA,2021
S9165,2,3504,0,CA,2021
S9166,3,5256,0,CA,2021
S9167,1,920,0,CA,2021
S9170,2,2084,0,CA,2021
S9172,3,4180,0,CA,2021
S9174,200,368204,0,CA,2021
S9175,2,3694,0,CA,2021
S9177,2,2271,0,CA,2021
S9178,8,17158,0,CA,2021
S9181,3,7156,0,CA,2021
S9182,2,1971,0,CA,2021
S9183,1,1314,0,CA,2021
S9184,1,1642,0,CA,2021
S9185,1,1314,0,CA,2021
S9186,1,1314,0,CA,2021
S9190,1,1314,0,CA,2021
S9192,18,41289,0,CA,2021
S9193,2,2628,0,CA,2021
S9195,2,1971,0,CA,2021
S9196,2,1971,0,CA,2021
S9197,2,1971,0,CA,2021
S9198,2,1971,0,CA,2021
S9199,2,1971,0,CA,2021
S9200,2,2628,0,CA,2021
S9201,2,2628,0,CA,2021
S9202,2,2628,0,CA,2021
S9203,2,2628,0,CA,2021
S9204,2,2628,0,CA,2021
S9205,2,2628,0,CA,2021
S9206,2,2628,0,CA,2021
S9207,2,2628,0,CA,2021
S9208,10,19788,0,CA,2021
S9209,2,2628,0,CA,2021
S9210,2,2628,0,CA,2021
S9211,2,2628,0,CA,2021
S9212,2,2628,0,CA,2021
S9213,2,2628,0,CA,2021
S9214,2,2628,0,CA,2021
S9215,1,1752,0,CA,2021
S9216,2,8390,0,CA,2021
S9217,2,2628,0,CA,2021
S9218,1,1752,0,CA,2021
S9219,2,2628,0,CA,2021
S9220,2,2628,0,CA,2021
S9221,2,2628,0,CA,2021
S9222,2,2628,0,CA,2021
S9223,2,2628,0,CA,2021
S9224,2,2628,0,CA,2021
S9225,1,1752,0,CA,2021
S9226,2,2628,0,CA,2021
S9227,2,2628,0,CA,2021
S9228,2,2628,0,CA,2021
S9229,1,1752,0,CA,2021
S9230,1,1752,0,CA,2021
S9231,1,1752,0,CA,2021
S9232,2,2628,0,CA,2021
S9233,2,3382,0,CA,2021
S9234,2,3330,0,CA,2021
S9235,2,2628,0,CA,2021
S9236,1,1752,0,CA,2021
S9237,1,1752,0,CA,2021
S9238,1,1752,0,CA,2021
S9239,2,2628,0,CA,2021
S9240,2,2628,0,CA,2021
S9241,1,1752,0,CA,2021
S9242,2,2628,0,CA,2021
S9243,2,2628,0,CA,2021
S9244,2,3489,0,CA,2021
S9245,2,3341,0,CA,2021
S9246,2,2628,0,CA,2021
S9247,2,3804,0,CA,2021
S9248,2,3704,0,CA,2021
S9249,2,3810,0,CA,2021
S9250,1,1965,0,CA,2021
S9251,7,14485,0,CA,2021
S9252,2,2628,0,CA,2021
S9253,2,2628,0,CA,2021
S9254,2,2628,0,CA,2021
S9255,1,1752,0,CA,2021
S9256,1,1752,0,CA,2021
S9258,0,438,0,CA,2021
S9259,2,2628,0,CA,2021
S9260,2,2628,0,CA,2021
S9261,1,1752,0,CA,2021
S9263,10,25935,0,CA,2021
S9264,2,3504,0,CA,2021
S9265,2,3504,0,CA,2021
S9266,2,3504,0,CA,2021
S9267,2,3741,0,CA,2021
S9268,2,1971,0,CA,2021
S9269,2,1971,0,CA,2021
S9270,2,1971,0,CA,2021
S9274,2,3686,0,CA,2021
S9275,2,2628,0,CA,2021
S9276,2,2528,0,CA,2021
S9277,2,4159,0,CA,2021
S9278,2,4106,0,CA,2021
S9279,2,2628,0,CA,2021
S9280,2,3524,0,CA,2021
S9281,2,4199,0,CA,2021
S9282,2,2628,0,CA,2021
S9283,1,1752,0,CA,2021
S9284,1,1752,0,CA,2021
S9285,2,3780,0,CA,2021
S9286,7,11995,0,CA,2021
S9287,4,4599,0,CA,2021
S9288,2,1971,0,CA,2021
S9289,2,3504,0,CA,2021
S9290,2,1971,0,CA,2021
S9292,2,4430,0,CA,2021
S9293,2,1971,0,CA,2021
S9294,1,1314,0,CA,2021
S9295,1,1314,0,CA,2021
S9296,1,985,0,CA,2021
S9297,1,985,0,CA,2021
S9298,1,657,0,CA,2021
S9299,0,328,0,CA,2021
S9300,2,1971,0,CA,2021
S9301,2,1971,0,CA,2021
S9302,1,1314,0,CA,2021
S9304,2,1971,0,CA,2021
S9305,2,2943,0,CA,2021
S9306,2,1971,0,CA,2021
S9307,2,1971,0,CA,2021
S9308,2,1971,0,CA,2021
S9309,0,401,0,CA,2021
S9310,1,2477,0,CA,2021
S9311,1,657,0,CA,2021
S9312,2,1971,0,CA,2021
S9313,2,1971,0,CA,2021
S9314,1,1314,0,CA,2021
S9315,1,1314,0,CA,2021
S9316,1,985,0,CA,2021
S9317,1,657,0,CA,2021
S9318,1,657,0,CA,2021
S9319,0,328,0,CA,2021
S9320,2,1971,0,CA,2021
S9321,2,1971,0,CA,2021
S9322,2,1971,0,CA,2021
S9323,2,1971,0,CA,2021
S9324,2,1971,0,CA,2021
S9325,2,1971,0,CA,2021
S9326,2,1971,0,CA,2021
S9327,2,1971,0,CA,2021
S9401,4,4132,0,CA,2021
S9404,2,5230,0,CA,2021
S9409,12,29526,0,CA,2021
S9410,9,22491,0,CA,2021
S9412,2,2795,0,CA,2021
S9413,5,12654,0,CA,2021
S9414,1,1504,0,CA,2021
S9415,5,10642,0,CA,2021
S9416,20,48851,0,CA,2021
T0007,29,0,0,CA,2021
T0009,100,308888,0,CA,2021
T0010,102,455426,0,CA,2021
T0011,100,365559,0,CA,2021
T0012,43,278273,0,CA,2021
T0015,48,372304,0,CA,2021
T0016,48,273569,0,CA,2021
T0017,58,292900,0,CA,2021
T0022,27,87571,0,CA,2021
T0023,22,99324,0,CA,2021
T0027,120,365612,0,CA,2021
T0028,120,471639,0,CA,2021
T0029,120,386601,0,CA,2021
T0030,120,297090,0,CA,2021
T0033,82,327688,0,CA,2021
T0034,43,338975,0,CA,2021
T0035,10,57431,0,CA,2021
T0036,15,69893,0,CA,2021
T0038,15,104412,0,CA,2021
T0039,110,483630,0,CA,2021
T0040,110,302378,0,CA,2021
T0043,24,74816,0,CA,2021
T0046,78,406500,0,CA,2021
T0047,10,69061,0,CA,2021
T0048,20,77297,0,CA,2021
T0049,54,249770,0,CA,2021
T0050,97,432941,0,CA,2021
T0051,80,186792,0,CA,2021
T0053,40,219791,0,CA,2021
T0055,110,697594,0,CA,2021
T0056,110,516514,0,CA,2021
T0058,110,570766,0,CA,2021
T0059,110,374225,0,CA,2021
T0060,95,403275,0,CA,2021
T0061,118,497090,0,CA,2021
T0062,24,124310,0,CA,2021
T0073,12,55590,0,CA,2021
T0077,71,490137,0,NV,2021
T0080,55,0,0,CA,2021
T0081,50,45080,0,CA,2021
T0082,55,375735,0,CA,2021
W0258,41,113452,0,CA,2021
W0260,30,0,0,CA,2021
W0261,31,76093,0,CA,2021
W0265,47,151799,0,CA,2021
W0270,28,55819,0,CA,2021
W0271,6,8991,0,CA,2021
W0272,7,9679,0,CA,2021
W0273,5,5603,0,CA,2021
W0274,6,10081,0,CA,2021
W0277,2,0,0,CA,2021
W0278,3,5949,0,CA,2021
W0283,43,133258,0,CA,2021
W0284,9,15163,0,CA,2021
W0286,12,30919,0,CA,2021
W0289,70,41804,0,CA,2021
W0297,21,42510,0,CA,2021
W0299,14,6225,0,CA,2021
W0310,6,7257,0,CA,2021
W0313,84,94834,0,CA,2021
W0318,2,81,0,CA,2021
W0319,32,68350,0,CA,2021
W0320,20,48827,0,CA,2021
W0354,18,16028,0,CA,2021
W0355,162,364200,0,CA,2021
W0356,128,403468,0,CA,2021
W0357,102,254089,0,CA,2021
W0358,150,470955,0,CA,2021
W0359,50,150137,0,CA,2021
W0360,22,60079,0,CA,2021
W0361,62,126688,0,CA,2021
W0364,45,147940,0,CA,2021
W0367,144,329664,0,CA,2021
W0368,135,220730,0,CA,2021
W0369,101,284581,0,CA,2021
W0370,150,418742,0,CA,2021
W0371,37,109471,0,CA,2021
W0372,150,358456,0,CA,2021
W0374,22,27921,0,CA,2021
W0380,9,24578,0,CA,2021
W0384,154,459621,0,CA,2021
W0385,59,40096,0,CA,2021
W0387,150,362902,0,CA,2021
W0388,102,178876,0,CA,2021
W0389,168,278615,0,CA,2021
W0390,1,4432,0,CA,2021
W0391,20,26036,0,CA,2021
W0392,78,215062,0,CA,2021
W0393,150,244359,0,CA,2021
W0394,78,258324,0,CA,2021
W0395,2,1992,0,CA,2021
W0396,2,3008,0,CA,2021
W0397,1,501,0,CA,2021
W0398,2,2349,0,CA,2021
W0399,1,1671,0,CA,2021
W0400,1,1763,0,CA,2021
W0401,2,9631,0,CA,2021
W0402,5,24335,0,CA,2021
W0403,3,3761,0,CA,2021
W0404,3,3256,0,CA,2021
W0405,1,1480,0,CA,2021
W0406,150,275638,0,CA,2021
W0407,60,171680,0,CA,2021
W0408,102,274372,0,CA,2021
W0409,265,438929,0,CA,2021
W0413,6,12786,0,CA,2021
W0414,162,477268,0,CA,2021
W0415,168,312632,0,CA,2021
W0416,132,228242,0,CA,2021
W0417,204,417213,0,UT,2021
W0418,101,199384,0,UT,2021
W0419,120,283016,0,CA,2021
W0420,189,554197,0,CA,2021
W0421,103,317604,0,CA,2021
W0422,103,326646,0,CA,2021
W0423,18,50922,0,CA,2021
W0426,38,102194,0,CA,2021
W0430,49,163176,0,CA,2021
W0437,1,3591,0,CA,2021
W0438,99,276618,0,CA,2021
W0440,7,15032,0,CA,2021
W0441,137,396601,0,CA,2021
W0442,90,279377,0,CA,2021
W0445,7,9198,0,CA,2021
W0447,50,186262,0,CA,2021
W0449,7,11696,0,CA,2021
W0450,44,121712,0,CA,2021
W0451,22,59375,0,CA,2021
W0452,37,43133,0,CA,2021
W0455,1,4176,0,CA,2021
W0456,2,4543,0,CA,2021
W0457,1,4050,0,CA,2021
W0458,79,246855,0,CA,2021
W0459,20,56671,0,CA,2021
W0460,155,420148,0,MX,2021
W0461,86,283300,0,CA,2021
W0463,15,41907,0,CA,2021
W0465,2,4061,0,CA,2021
W0466,2,5030,0,CA,2021
W0467,131,342719,0,CA,2021
W0468,46,159080,0,CA,2021
W0470,131,414075,0,CA,2021
W0471,129,505606,0,CA,2021
W0472,43,143948,0,CA,2021
W0473,22,82460,0,CA,2021
W0474,2,5348,0,CA,2021
W0475,2,5456,0,CA,2021
W0476,2,5736,0,CA,2021
W0477,67,115994,0,CA,2021
W0478,47,118063,0,CA,2021
W0479,61,151539,0,CA,2021
W0480,14,43372,0,CA,2021
W0481,65,179611,0,CA,2021
W0482,58,81253,0,CA,2021